transaction_id,transaction_date,transaction_timestamp,debit_amount,credit_amount,account_id,bank_id,sender_account,receiver_account,transaction_type,currency,payment_method,status,reference_id,bank_charge,remarks,transaction_source
4d2fda8e-03b9-43b8-b186-5f4d1999c2c9,26-02-2024,14-05-2024,377.87,550.89,816cd69b-c207-4378-ba99-66f09ec8d414,Bank_D,9828de43-f6bd-4693-8dac-245770d37a89,f6149542-4406-40b3-8dfb-35f0439fe3ad,Credit,INR,Cash,Pending,686a42a2-6755-496b-a7da-f7b9c1de5603,25.85,Young be two only modern worker item.,ATM
b9ff8bc9-2e25-4331-98b9-cd0baf23bf54,09-06-2024,14-09-2024,350.83,640.15,a7d2fb0a-bffb-499e-896b-a248b8e06a4d,Bank_A,1cd24778-c9a7-46fa-94eb-a4e221bf2ae1,b3404dbd-9847-4f05-86b5-6bd61326fe74,Debit,INR,Debit Card,Failed,07a89b63-a4c0-41ea-ba70-75813b0266d9,11.3,Issue might blood society because talk.,ATM
4f230bb0-7160-497c-8daa-886e38a8d1fa,12-01-2024,23-02-2024,648.86,341.11,367555b7-ccc5-4973-8383-34a7e81caff3,Bank_B,dd642c89-9051-46d5-8e21-dff2824912a0,aab77847-0651-44d9-a189-235f239e9a5f,Debit,INR,NEFT,Pending,99cebfc3-e5a0-400b-9500-1abc78ffe955,31.05,Wear standard move person security.,Mobile
0ed5d974-da6f-4963-a635-b756db571148,08-05-2024,06-05-2024,909.24,828.15,0f126151-e2c1-4856-a5a7-5b1f55976ab3,Bank_B,c9459c7a-9201-4224-ba2a-6d944b71bd0b,96a09fc1-112c-4b6d-901f-9f95bed535dc,Credit,INR,UPI,Completed,f9e34d79-d505-4002-bed5-5135592297aa,5.42,Rise hospital federal.,Mobile
a91dedc6-dad5-4205-9bbe-78e67778797b,31-08-2024,27-03-2024,775.28,888.41,87e02689-3b9f-4638-9179-c73db791c87e,Bank_A,756e0d43-7a1c-439a-991c-684a76a1159a,d817bd6b-8850-4488-b09c-4cc60b93a295,Credit,INR,Debit Card,Completed,fbe348d1-1684-466e-9346-e8027e86c65b,21.03,Power response pressure strategy easy hour.,ATM
9d2e635a-02f7-4cd7-8220-424fc222d05b,17-07-2024,08-11-2024,590.73,553.09,5c8a0fd6-61c8-4b8a-9da4-74e2dce599dd,Bank_A,c4753c14-6293-4581-8215-aaf590eebb59,e5a6be00-5697-4208-83ab-309ab60b45b3,Credit,INR,NEFT,Completed,4cab0a9b-9a4b-491c-a14f-ba46a5145cab,12.42,Mission experience buy contain service church.,Website
71e342ef-9f4f-4db5-805f-08c3410c9595,30-05-2024,01-10-2024,541.21,23.21,9a31b324-dde6-4857-9792-a9342bd76061,Bank_B,f4369f99-50f1-4fde-ae29-b2ac29eb2d99,4e1dd74c-2aab-48b0-8860-f5c97e2b5a0d,Debit,INR,UPI,Pending,7495d5aa-2abc-4821-a7e0-7b698dfb806c,24.34,Only theory fear wonder unit subject heavy.,Mobile
c7503c83-893a-4c1b-87d9-1b3f9286a3fa,27-10-2024,13-09-2024,597.79,820.85,4b684002-0517-4c76-959c-142666464a5f,Bank_A,bf7b683f-6843-484c-b2d4-5f9e78e8226a,36565e7a-e930-41bc-b50d-536fe968ca00,Debit,INR,UPI,Pending,5f9904c1-c406-4eab-ac34-29664522242f,19.03,As official standard where southern career.,Website
3b4767cc-3088-400b-86fa-ef6c53da2e3b,19-05-2024,08-11-2024,473.78,201.64,68c63799-0cd9-450d-b868-7c85c23b8047,Bank_D,cef9f0cb-3852-4bf7-bc65-2c8084512c3c,38ccdf42-7a49-4ef0-921d-bd8c25c62a05,Credit,INR,Cash,Pending,df842aa5-776e-4e6e-a2e0-2be4c1e36122,23.47,Provide community finish.,Website
a23edb97-1ec9-4c53-8d7b-0a10ace2b6f6,24-03-2024,26-03-2024,754.82,702.11,1ffc629d-2757-4aa5-bc53-a67874bfd2c0,Bank_C,b9cdd570-2b4d-439c-9a91-4005ca05b6d4,64aa80a8-1e00-4b1a-91b7-7df57d3edf7b,Credit,INR,Debit Card,Failed,f164b939-e14e-4398-a5a7-6c81b4ea8a42,10.74,Often travel process deal.,ATM
120cde9a-ef2e-416f-a416-90f75d0d9837,01-05-2024,03-09-2024,79.73,658.3,711dc728-00af-441b-bf40-f2b35ce0e75c,Bank_B,163712cf-0e7e-4fe8-bea7-c0763f420ab7,8a161fbb-bea9-4ad6-acd9-e6f8fa2308a2,Debit,INR,Cash,Completed,de5e35db-5633-4a73-9876-99d7c8d4c591,31.86,News hot quite analysis middle only.,ATM
ce872d73-8718-400f-a6d1-29a6033e647e,05-11-2024,25-08-2024,170.69,772.3,39d1ebd4-63a0-43cd-b660-98235ea88b75,Bank_C,8f3a3f36-332c-47ee-84f4-62b02f9976c5,61c96c1e-7b23-4518-b001-498e72f67026,Credit,INR,NEFT,Completed,cf637a1c-ee2a-43eb-9beb-eb88ea60463a,39.26,Left letter ready fine third career them.,Website
df556184-0ca7-4dad-b618-d48dd20a3ff1,29-07-2024,11-01-2024,215.47,125.77,cac2fddf-de56-4fd7-b952-06d815271751,Bank_C,021930a9-dc90-44ff-834b-8bc9c395aadd,abf140f1-b6b7-4211-8a6c-b8daa192964b,Debit,INR,NEFT,Failed,281a8948-5f21-4d8d-90c0-56b76e2ef44a,49.1,Congress consider something experience.,Website
8d7e4a0a-b0b7-4b74-9df9-676d4e08f960,25-01-2024,23-11-2024,223.94,26.67,d9fcd39d-5aec-4411-aadc-06903eedc624,Bank_C,a6e2eabf-c344-47fb-a077-26d4e7b3107e,ca35bbd4-5d39-4360-b782-61a979339759,Credit,INR,UPI,Pending,58d6af6e-d309-4a11-8ca2-a891174bf32a,18.38,Fish including interview help know until.,Mobile
d8782f57-c5af-4660-bbf9-176e2ede8de1,17-11-2024,02-07-2024,92.64,857.24,9cc57294-3579-4023-8144-1e8abab5f231,Bank_A,ad83d80b-9db3-4a28-8318-116759a79c74,c91f09ec-cab4-4419-ad21-fbed576a9763,Debit,INR,Cash,Pending,5afa3258-8956-451d-8fba-096a3b1eede5,16.99,Campaign beyond full stop field.,Website
0db1544b-81d1-4138-9147-3b85e639b489,05-02-2024,10-06-2024,994.62,74.68,5e3508c8-df9c-4b72-9a88-80b8737b59aa,Bank_B,b2863f95-93c2-45b2-80d4-888d3328c19a,54023f7c-a861-4115-8eef-52e54b5edd37,Debit,INR,NEFT,Completed,b14eeadf-d00a-4638-9f96-7c0daa160ee1,45.82,Stand close draw improve worry threat office.,Website
392f335b-ed1c-4fde-875c-72787f692286,15-06-2024,26-06-2024,443.2,656.23,07265648-b2ad-44ce-abae-2211c0e02d1d,Bank_B,5a521a87-477b-4821-a23a-ad258a8ff67f,edbcfd9c-e159-4fcf-9f42-25a76cd3b15a,Debit,INR,UPI,Completed,7bc9d0a2-52ef-4ac6-b8f0-ca63b8746dea,32.44,Message since mouth long.,Mobile
d009583d-9063-4f7a-b183-9a83200d8d6b,15-09-2024,05-08-2024,493.13,143.46,643c3039-202b-4d9d-b92f-a9b8255a506c,Bank_B,48a28467-6981-41a0-b42f-8c81d5890c47,5bc5018a-ef4b-4e91-b816-c46d86b3237b,Credit,INR,Cash,Pending,8a21e75d-77b6-4fdd-8602-3a9d727c3d0e,29.08,Through consumer economic method power.,Mobile
3c7e70a1-3e1e-4b0d-a802-95faf9a88002,10-02-2024,01-06-2024,444.05,812.6,45dbd687-c95a-4326-bd0a-cd9944597dba,Bank_A,662bb8bd-2dbf-4a45-972c-d7394b93209f,a9ca4e8e-c777-4e5f-9187-fe9d52fca527,Credit,INR,Cash,Completed,e50d97a7-05b2-49e7-95e9-509ab38bb0b5,25.22,At list goal vote visit financial sea including.,Mobile
3bcff74c-719f-4331-a1fd-0aae96fb2065,02-09-2024,18-08-2024,332.52,524.15,9e9f852a-e1a0-4d1f-8cac-009d0b3317ba,Bank_A,ee10dbb3-e351-42ef-ac23-0f8095835033,9b6b8d37-6eea-4b93-ba5e-95c27a24ee0e,Credit,INR,UPI,Failed,9cdf10cc-6ec1-466c-887e-278954993fe7,29.57,History actually book view three price.,ATM
1da51ade-8191-424b-b2fb-279733af3496,16-03-2024,04-02-2024,62.19,918.5,95a1b860-5d41-4d76-8c30-aa6a32170565,Bank_D,33c7dab3-fbd3-4966-a5df-09ce31e52895,c9cc0163-f652-4958-b6e9-1784ef028ebc,Credit,INR,UPI,Completed,34974052-15a9-4846-9139-c00bf2366039,12.03,Indicate even say be.,ATM
3f2b9c08-7084-4678-9af1-5748dfd49d32,14-09-2024,10-09-2024,368.13,581.18,11f22be7-1c77-4ffd-aa52-eb94a2316906,Bank_C,e3545404-69b0-40f7-bef2-e4ab681f8755,dded4a32-8ba1-4640-b4b7-736ff0f64268,Credit,INR,Debit Card,Completed,e4053196-7b55-4b5c-84f3-14266a40cd58,22.14,Full population support really between.,Website
506cad3c-3fe2-43ce-b123-0d031770d476,07-05-2024,29-04-2024,742.15,671.43,7b69d4e2-ff2b-445d-8e94-ef70287ffc43,Bank_D,986e2f80-0833-4b38-a32f-d648f16de6b3,1a3d0255-c66e-4ea3-a1f5-dbcba3273149,Debit,INR,NEFT,Failed,06e001c3-c2a3-4e6f-864f-1719859b4b41,32.7,Simple these positive attack subject.,Mobile
8d68044e-3806-4376-b09d-4b603b874f68,15-06-2024,28-09-2024,399.57,864.71,6579f2e2-a1f7-4682-98b3-9ca00d82d182,Bank_B,8f822cf7-d966-440f-bfae-2af098d2ccc4,15c35d64-4a11-43df-b756-74b7e11c6e02,Debit,INR,UPI,Pending,7b6dc79b-401c-44e2-825f-35347810bd3e,33.01,List buy station exactly partner dinner only.,ATM
2e2c8831-ee04-428e-b4c0-1da7655bb5ca,21-10-2024,03-11-2024,527.07,150.81,e8f94287-075d-42b6-bf52-af3ea881da08,Bank_A,8699167b-8a17-49de-8ff2-5f62cd4b7823,de9e81ca-5b04-48e8-ae66-e870bc517536,Credit,INR,Cash,Completed,05161506-9600-4d15-bf74-6fb549e2405d,30.6,Ball education skill address common audience.,ATM
b213f582-42c6-41cb-9540-65a309c7f61a,24-06-2024,05-11-2024,111.47,868.08,ac55b61f-75cc-4406-a957-4599feb3f282,Bank_A,4ea8e3a2-de27-4f0b-a705-a7e77bb7b47b,d4b67593-d91b-4524-be33-c24cbd54d07b,Debit,INR,UPI,Failed,4fa9d53d-64cb-433a-8180-7d7489017c3a,14,Nothing lot several myself.,ATM
15db0cbf-66bb-45e4-a555-6c100ff96618,02-10-2024,12-02-2024,632.19,441.41,1069e23a-afd8-469a-acc7-768bbc2e88d8,Bank_B,0480cde9-7264-4222-9f29-c97af5c4dd5e,35c9ce62-2c74-4467-827f-8576d4d4263d,Debit,INR,UPI,Failed,90af12e4-2591-4c81-b7e8-9d1395c8dc55,41.1,Day night experience opportunity note.,Mobile
4467c8f1-212d-4aae-b6d1-84b8931b0054,25-08-2024,04-03-2024,853.89,696.32,0b5b7814-0cfc-40a9-bc3d-f4f67ab23a10,Bank_C,0ae29ed5-4f39-4da0-8ce2-74e04a780def,5f203ceb-b263-4ef9-b530-80d2c30e2d06,Credit,INR,Debit Card,Completed,048595f3-3047-466c-8bf3-5c541eff4939,5.82,Sell add medical.,ATM
6f85b231-c28e-4318-b26a-606d5b73dc3b,25-09-2024,02-02-2024,62.22,788.8,82e3656d-4a6b-4265-89c5-22fcf762461b,Bank_C,99d45614-0558-46bf-b419-4f7377440701,530590d4-13ad-4ed7-8e39-e0104ff3e03f,Debit,INR,Debit Card,Pending,5df6e9ff-b9ea-44d4-90a4-ea42327cf012,14.81,Key defense authority give community.,Website
d83521a5-bcec-4c7a-b190-88566b771fc5,09-10-2024,20-11-2024,448.43,202.85,cb8d8fb8-806a-492c-8b07-c52686ad8e4b,Bank_D,54ded4b3-df52-45aa-ac44-d2e1bbddab7d,50ad245d-2bac-4de6-8b2c-826c595ed184,Credit,INR,UPI,Pending,9348107a-9ed8-4d17-9b8f-4e36297df217,26.3,Statement candidate will scene.,Website
9f8ea165-5ca3-468f-affe-d2162cc46fda,08-08-2024,26-09-2024,208.75,43.17,71fa6dd4-a360-430f-9b51-5076424568eb,Bank_A,da15a17c-da2d-4622-accc-4b5db6f105bd,eca10253-eb55-442c-a666-b30591b1a371,Debit,INR,Cash,Failed,63a8de8b-d371-4156-8a71-cd57a71f93af,10.45,Or back only smile.,ATM
1345b5fb-aafd-4631-a03d-a0485931342d,13-01-2024,20-10-2024,126.4,186.22,4c9df99b-4c52-4142-903f-d3e82a2a4c35,Bank_D,e1b6dc3b-e535-4a68-9606-b2e1f635d72a,a6da8770-c5ea-40cf-b0e0-4ac7013ed3d9,Debit,INR,UPI,Pending,df9a64ee-042a-42ea-a848-91a303aa1830,13.38,Grow in forget tell. No will kid impact factor.,Website
910f3272-5eaf-4c98-8703-e2b719b28589,27-02-2024,26-03-2024,103.15,309.07,0416ceca-6f37-47bc-b517-d8b25c6ccf40,Bank_C,fe17023a-f01f-4dee-93a4-7ce3f52ca519,59ca9c7b-b231-4a84-a3ad-90eebfb183ee,Debit,INR,NEFT,Failed,7b418721-9341-4a98-9dc7-af2be84cdf18,22.77,Whether born for produce.,Mobile
8b3f5ae0-bd39-4121-8e2b-d5cfd98aa81d,30-09-2024,01-11-2024,184.61,675.12,2cc63a37-5c61-4563-a1c5-f450d9b192dc,Bank_D,c1b3ad38-3674-444c-a184-581a3cd04081,689f4563-2105-423d-987f-0a97153638a6,Credit,INR,Debit Card,Pending,5bf44732-3b5f-4fd8-827a-86fc2e6ff36e,5.57,Morning should read focus show public.,Website
b5768a64-083a-450e-9b89-9c5144626ecc,17-08-2024,28-02-2024,971.2,713.3,35c804b1-45fa-4cff-9a31-214838c56ef9,Bank_B,18f0c706-317c-4547-b335-ba673f2dd6f8,66f7baf4-42c6-4571-8654-7d80a104e181,Debit,INR,NEFT,Failed,b8250fe8-04b6-446d-b429-eaddbff30c58,24.02,Radio hear build serious live ground service.,Website
7a6357f6-5fdd-4e50-80c0-b58366d6b19f,28-06-2024,13-04-2024,158.4,492.07,3bbd50d1-9e48-4ba8-a869-65ecef74aca2,Bank_A,f399d16c-edd5-47a4-a8e9-e02629c81abf,fa0e435c-6e25-4a60-82fe-541fd8f02232,Credit,INR,Debit Card,Completed,9267875c-b739-4c0d-9c17-ec0e806e102c,33.5,Fact door page loss guess smile risk.,Website
01b74dd4-c42b-4e71-b1d5-363131adab4e,24-05-2024,14-11-2024,758.29,741.24,0077cb34-d8f7-4a1e-9964-da01a9909f80,Bank_C,58ccabd8-9ce9-4610-9d2e-4684816190ca,df65035c-2fb9-44b4-ac36-1d084b0c8990,Debit,INR,Debit Card,Pending,a0e95006-5342-4f73-a922-b6d5972ee342,12.65,Significant relate level two a rise activity.,ATM
cb5b69cd-3861-40fc-8332-dce50a3f19e5,20-09-2024,29-07-2024,370.57,341.36,b015a189-7c22-4354-af08-487ed36c4c9a,Bank_A,f0420f07-2b0b-4c7f-98f1-96591d44dff9,efa62bb9-7734-4ab5-8896-c4fec9a3b4a1,Credit,INR,Debit Card,Completed,e562a43b-5e28-467c-8ecb-c8adabec8139,21.74,Paper think room only follow.,Website
5436579c-e225-45dc-8919-28151bfceb50,03-07-2024,01-01-2024,533.34,991.03,7994f9f8-0093-497a-afdb-998523757691,Bank_A,d07efe0f-2789-4ab9-bafe-39102af0d57d,e7288fc7-bb3e-4032-a97f-e45184705f0a,Debit,INR,UPI,Completed,11d087c7-e715-4369-a741-1cd1a08bd119,33.16,Dog position data rule huge decision dog.,ATM
a7fae885-19e1-4242-90ff-c818793645e9,10-07-2024,22-10-2024,933.88,243.39,376be84b-d54e-4efc-a272-20310b4530dc,Bank_D,703baa2b-dab1-44dc-8bd9-1188dae83ced,907f46c6-4a10-48e8-95c6-1b545a982c2d,Debit,INR,NEFT,Completed,bf8970a5-07e4-4968-af63-ba7b93cd703d,22.16,Main thank teacher. Specific piece discussion.,Mobile
3934c850-d0bb-4862-9402-71711baa04c7,04-08-2024,25-08-2024,229.8,638.53,70b60628-a2dc-468c-89ad-030df114ed53,Bank_D,e3fdb487-10f6-4e2d-ba5b-9378982a4395,f57ec13f-32e2-4014-9876-a5334a6659d3,Debit,INR,Cash,Pending,c5701052-642d-4a7f-af1b-842eaeb2c12d,14.91,Option population avoid determine position.,ATM
1c0f51e1-da6a-42b2-9994-f624dfabee49,14-09-2024,19-07-2024,791.36,932.91,8f2d928a-43cc-4121-a313-66e4cffac52e,Bank_D,b743fb01-7344-46ea-98af-ec2f322a8474,4fb53069-40cf-4fcf-9e8b-2510285836f7,Debit,INR,NEFT,Failed,3adbdc80-ac57-4081-9847-514461cb0717,35.03,Test important nice money.,Website
661b6c91-04ca-46ba-8721-031a9cc00ae4,16-09-2024,08-11-2024,374.69,796.4,e4a2d526-aaaa-49a5-b3e7-696046e5317c,Bank_A,a4e3bbc8-10f9-42db-9b73-fa319f85dd91,dff50e11-55c4-4ef0-b1ca-7bd080da83f7,Credit,INR,Cash,Failed,c133fd32-da45-43cd-b71d-f1f16e066968,19.51,Thus speak sport race ahead half natural.,ATM
d1354065-2e64-489e-aa2a-c61fc7826a75,01-05-2024,27-07-2024,785.54,460.38,fcdab95f-79da-4f61-9ec1-3d9aa348624f,Bank_A,90de1b58-76b4-4ef6-a084-e4dbc873728c,b271c4e2-fb40-46dd-a54d-1a39ee409c88,Debit,INR,NEFT,Failed,a03d9dce-005a-4d90-8872-fbc538c84807,14.76,Chance himself future top member kind budget.,Mobile
7f0f55bf-e0d8-4741-a502-2d9bca62cd1b,16-11-2024,24-11-2024,886.49,947.14,9dfee057-532b-4e60-a172-a73caac4628e,Bank_D,fa594f97-a094-45b2-810c-c0fe9e730773,e62ae050-6903-4271-8eb6-711c37ebaf95,Debit,INR,NEFT,Pending,5fca6588-e31e-4fd0-b860-5a1dc96ee0d7,27.42,Boy state another according now certain against.,ATM
c62cf910-905a-4c7f-b51a-7e416a313371,11-08-2024,13-07-2024,717.06,795.27,acbcaa84-b77b-4a87-aa24-5e087bc326a0,Bank_A,b5236cda-255c-449d-bb64-b30801f1a653,c8ed0374-13c2-48fe-9b6e-6daa185b9425,Debit,INR,NEFT,Completed,7a96e5b5-3fae-4f92-beb9-a28465ce9231,31.99,Half increase generation collection.,Mobile
24651042-4702-41ab-928f-a700eedb25c8,21-07-2024,26-01-2024,831.74,950.51,6f4e896d-a5ba-4493-95cb-81b34782bef6,Bank_B,d3716f16-d441-43e7-813e-a0ebf35ff431,ced7201d-9baa-403e-8fcd-7e0b712f5d5e,Debit,INR,UPI,Failed,4846acc9-e508-4256-aa1a-7796eba77ee8,17.96,Myself agree indicate.,Mobile
24977783-e5a4-43b8-9ad5-6933a48d177d,17-08-2024,10-06-2024,740.08,677.13,d1745696-c2be-48f7-823b-2c14076a5ed1,Bank_C,1ee9c2fe-f3cf-4cda-bd32-ee6bccb4c074,7d5fc5f1-0e7d-44c5-b4d9-8fa0b546e133,Debit,INR,UPI,Completed,a9875e62-ae68-408e-8ae6-e6df358e2658,19.41,Whose growth suffer thousand trouble.,Website
5a28230f-ee3c-4e84-8546-2a83b65ad70f,17-04-2024,14-11-2024,288.34,244.72,ee890701-e70d-43c1-a5c7-eace942887eb,Bank_B,1abc5eef-1f7d-4a5f-af25-d60241bd8d28,365c1e16-3695-44bb-bbf1-cb104def5b43,Credit,INR,NEFT,Failed,2bb1820e-e5c3-49aa-b750-62da95ea103f,17.44,Someone nature on people hundred.,Website
df69d89d-9a50-4a66-92f3-0db320fede2e,04-03-2024,14-10-2024,620.12,781.33,85cf7728-711e-44b4-8d57-e2a1698c9f31,Bank_C,a0855b3f-505b-4981-933e-455934ece019,2711f8e1-1311-42ef-8255-f6bbb7a3bcb5,Debit,INR,Cash,Pending,c233617c-73a4-4c60-8640-0b657542e24a,30.92,Store laugh brother American.,ATM
abe156f9-d99c-4165-88de-42842759bf08,06-10-2024,02-08-2024,729.56,363.15,929b053c-ac75-4d10-9d79-bd6fe53a2659,Bank_D,8563ce9c-0b2f-42ac-b183-bd0bb2aab661,256c4d1c-0602-4828-8470-27c90538544a,Credit,INR,Debit Card,Failed,329aad76-f906-4062-baff-b0fd136d817b,25.67,Become teacher author down it it.,ATM
f43807e1-49c0-4283-97f9-85c4b90e5313,09-05-2024,12-11-2024,832.52,775.53,5b454d2b-8958-4652-b236-6f6e6a7aa61f,Bank_D,648f44ea-6d48-4cc7-b311-ca325b912673,7a2f6a09-cdc4-4ad5-a7dc-bf7980c39652,Debit,INR,Cash,Failed,4b525c83-61ca-4568-a6c9-684252d33407,18.58,Stock take accept just than suddenly.,Website
d9d67824-af8c-4814-be7b-c80e1313d7b9,10-01-2024,12-10-2024,684.24,140.79,2ca1786d-2490-4e99-b14e-56c57ca2a1d8,Bank_C,f07441f2-1e04-4a71-912b-5be2d601be0a,2f4f12c3-e09c-4c97-ab81-613aa2aab338,Debit,INR,Debit Card,Pending,da8219e9-8e36-46b2-ad0a-9bee69eabecd,30.22,Bill back pattern film thus city.,ATM
cd975e79-cfe4-4c23-b0d9-e1c5a485c9ee,15-07-2024,26-07-2024,491.17,766.55,aa79f974-1ed9-44f4-8b03-c57947b3bc09,Bank_A,1e3bba2b-abad-4348-80c1-0b74971bfaeb,c874caa5-beb4-46b0-94d8-1dc73c8dfe4e,Credit,INR,Cash,Completed,e4b5fea1-aa44-432e-a8c6-6b359fdfbbef,14.83,Never approach summer modern sign.,Mobile
5a0371bb-0c03-44ee-8393-cd53a1190784,15-11-2024,13-01-2024,940.24,426.43,ffb957dd-4041-41ca-9a49-65dc671fdc8a,Bank_D,ca9ffc3a-7695-4018-828d-5f88482a7391,3a5388a8-874a-4152-a40b-e69fd6b5ed93,Credit,INR,UPI,Completed,059b2c5e-0554-4c33-b3aa-e524990239eb,31.79,Room establish child.,Website
ce86240d-015b-4f7f-90a7-e39ec8913f2c,29-06-2024,14-06-2024,81.48,375.06,176645d1-fcbb-4cc9-aba6-9d891eec9f70,Bank_C,f74a9868-4fb3-499a-9efe-c9532562acaf,931a36e9-12b7-4c25-a419-8acd858630f6,Credit,INR,Cash,Completed,d3f9b884-9248-4c98-9a44-c5af71999dff,49.83,Off bring list perform ask though role.,Website
550c7abf-af38-4a81-962b-676789ace061,21-11-2024,09-04-2024,212.75,38.7,3188fa6e-c5ab-4196-b36a-9e5c1bd9be41,Bank_A,24ae70ec-66c6-45bc-b604-ff95c7ef31cf,b72ebb0f-7aff-4edd-a9d0-ae273e12aab4,Credit,INR,Debit Card,Failed,b945ed72-49d9-497a-a38e-6b21c769f8b8,45.76,Arrive require then suggest production listen.,Website
617420aa-850b-41aa-a6dc-9a2b26735bd2,25-09-2024,12-03-2024,252.76,371.42,4a502355-ae5f-480c-af19-4f56b2c04143,Bank_A,923be4b3-5404-49b7-8d5f-de12276a3f26,34d1b759-0f7b-4f76-a909-3579c01aba64,Debit,INR,Debit Card,Pending,80cef83f-52cb-45fc-83e9-c9ced3ce4b41,8.28,Age pass point central out girl heavy.,ATM
7e1e7d99-bee4-418e-bda5-d3ceacfbfc1c,12-04-2024,19-11-2024,781.23,37.25,14102205-b05b-4423-9f52-10ad6b5b441d,Bank_A,086dfa42-82ba-4477-b7a7-1cdbe564e62b,a16138cb-0b53-4f18-b8c8-0b4f8f44665e,Debit,INR,Debit Card,Pending,40188751-a084-4614-96f1-3e8080a3a3eb,21.88,Their just argue all they.,Website
378aac37-0f35-4dc0-a07a-ddd31bffc4af,26-08-2024,12-01-2024,696.21,620.21,44cf6488-acfa-40a2-9f22-6b7f535f8465,Bank_D,c16adc89-1458-4acc-a340-e3e2cf277b08,ba5c692e-aff8-4388-bdef-6d2daf496ce0,Debit,INR,Debit Card,Pending,e2c88061-52ac-486f-bfca-edcb6fd99d43,44.79,That field pay often throughout contain couple.,Mobile
375456bd-2e4a-4937-a4c4-8e6201d169ac,26-04-2024,10-07-2024,578.13,781.22,f4be62a8-229c-4afd-a4bd-d0849341bb38,Bank_C,a4571a1c-f2a9-4d79-a096-4a67d2f6eed2,390eb903-840c-422f-8b3d-e627699a8fb2,Credit,INR,Debit Card,Pending,7a0d5f21-049c-4b58-9238-3783a3a36e58,20.71,Mention line sea ten business others.,Website
6c4e6cea-990a-4bc7-b259-943670e9f888,29-11-2024,21-03-2024,564.25,524.75,0b72e4c9-b7f0-418a-a3aa-c8c0883be0a4,Bank_B,a535f32c-469c-40c5-b9dc-5e96f1b60b65,38817869-b1a0-448b-94a2-1466c3275c59,Debit,INR,Cash,Pending,fcf8a9d3-1917-4ed1-9f56-9e8cd61f6d6c,12.4,Either cultural soon eight.,Mobile
668b876b-e3ab-4e95-aa3b-b6e50f2d7ba0,04-09-2024,08-01-2024,999.53,390.31,ddb49cb8-f8de-4099-b40a-75e394e3f5cd,Bank_C,a421568c-06e2-4b2c-a3bb-ebdc704aec0a,d1517bfb-3ab7-48c7-ab02-c555ab4342fa,Credit,INR,Debit Card,Pending,00ac1add-61f5-4369-9cca-6531c9f44289,46.07,Last family decide civil relate wish.,ATM
755493fd-4415-4809-be05-241bacb76a90,14-02-2024,03-07-2024,180.5,457.21,2aa8ff62-5f5e-4646-8e9e-75cd63a2b233,Bank_B,0c75f769-0eae-4c53-bc84-a69a73603857,594a289c-578f-4fd1-af80-089dd3429a54,Debit,INR,NEFT,Pending,d8d39aa0-6dd8-4687-bb2a-b5bcbae23776,43.74,Despite tree dinner political where.,ATM
24fee95c-2f92-4e6b-a3da-881c3838041d,02-09-2024,25-01-2024,234.41,293.11,b9d43416-3c99-46aa-8e9a-59a9760161c5,Bank_A,e9425c06-5e3d-4bf3-b373-d95d4f02b92d,316e0d0c-3b07-41d4-ab4e-365b7f847108,Debit,INR,NEFT,Failed,ecc10770-2ad3-4d6b-8be5-20ab6a48acbc,40.41,Consumer network party interview.,Website
a5f0096c-55f2-4349-bd68-f06834261267,13-03-2024,11-05-2024,112.37,560.2,1da89817-fc6b-41e7-845b-d63f37b62485,Bank_C,dedb0798-1ec0-4bbd-aaca-dfa05cefa914,5846ad56-f6df-44ce-a003-104c516d0640,Credit,INR,NEFT,Completed,003b34e3-580b-4707-b628-4cf22195dbf5,48.98,Once south tough understand focus ten occur.,Website
1e5c2a88-7d26-4e3b-90c0-3639918ac374,28-04-2024,02-01-2024,944.07,657.04,19cb694d-f436-4ae9-9bfd-7ddb09e08526,Bank_A,70ce97b2-7e20-40fc-b2ae-43fc3cccb2aa,d6add5d0-8079-42bd-a96f-1873bdac2995,Debit,INR,UPI,Pending,2a51cfbd-6537-4a7b-9917-823011170b83,21.19,Positive guess sell agent whom card research.,ATM
15e1faad-f0f3-4a15-9033-d2f54ee9aaa1,18-08-2024,14-02-2024,962.27,838.06,8d072f67-3fea-41d6-9a91-651293e6f66c,Bank_C,e58ec94c-b0df-41a5-84ad-118ef84c3298,2e85736f-513d-4b0d-832c-7965a40d4102,Credit,INR,UPI,Completed,365207e1-533c-40fc-9a1c-20901b88bf26,22.09,Mention free analysis space.,Mobile
8e9b7391-feda-489d-8080-9396067ec5f0,26-09-2024,11-08-2024,998.52,540.12,e842049d-e9e8-4d0d-b09d-c93a6523c8e4,Bank_D,adb4105a-7a2f-494d-84e5-5ebd6e71b81e,e9b5740b-d10b-44b0-aa07-647c91c50dfb,Debit,INR,Cash,Failed,75085349-2c07-43ca-96fe-1f00de704ac7,7.25,Home perhaps girl manager radio statement.,ATM
fcddda81-3411-491b-87e2-92434fc75e86,20-02-2024,06-03-2024,19.72,707.63,9a79a427-29bd-4f70-91fa-acb8fd447f0e,Bank_B,3fe6ed25-dfa7-4db7-b3be-7ee1b4e97cbb,125f6dcc-5c69-4d54-8ff2-221cbdf52a18,Credit,INR,Debit Card,Failed,c1e55ed4-a23e-4b2d-acc4-4ae3358b6181,46.01,Factor simple discussion rich.,Mobile
b08374d2-db29-4f4c-895b-ffdb802aad67,08-10-2024,02-02-2024,626.54,934.04,e8e4a066-1447-49fe-b7b6-fde13ed7f5d8,Bank_B,b4108dea-6326-4d15-8340-914da1bb1d0a,c95f570f-978b-4887-84d4-a7f0222e1c52,Debit,INR,NEFT,Pending,1ca42eb2-3d24-464e-81e1-65b8b82b6ca1,21.04,Specific with maybe decision read benefit us.,Mobile
f16e7471-02c1-469f-9723-2139ee40203f,03-10-2024,15-03-2024,838.03,578.07,3c782100-9df9-4668-a2c5-4801b891b24d,Bank_D,9cd458fe-288a-47ab-9ae5-25be473047e0,fa0bfb45-33d1-43c5-931a-cf1a52c26900,Debit,INR,Cash,Pending,8e9ccb74-8eeb-4a2b-85da-cfb1dc8f35c1,29.65,Design food your agreement.,Website
689dcdf9-5768-4229-9108-b54a2979eb6a,24-01-2024,08-01-2024,119.85,86.39,843579e3-2b56-46e8-ae4d-1a1bc53d2342,Bank_A,78fcaafe-52a5-4c1d-9e9f-fb970efdb3fa,ed0464fd-1062-49e4-a51b-5b7488327147,Credit,INR,UPI,Pending,21c8df2e-0ccc-4a06-a90d-62bcaaea65a9,31.61,Them class matter make current discover show.,Website
a424e78f-dc5c-4f9f-ab96-4da9b25dca82,19-03-2024,24-01-2024,139.19,482.99,761a910d-fd36-4f78-bb40-7a16893379ff,Bank_D,1111777e-7894-4e64-a3a3-261cab61384a,5e3965ed-fc8b-467f-b493-ef5de71246bf,Credit,INR,UPI,Failed,b5163018-2c77-4230-8782-5dfc23d66cd7,26.93,Community perhaps well foot seek loss.,Website
b02890de-a558-4023-9dc1-356b352e99bd,29-09-2024,02-07-2024,788.17,99.94,778866f6-b128-40f0-801e-294711e8a133,Bank_C,20cfed73-ae44-472f-8d1f-31766776ddfa,926e8e23-38ba-4147-8344-958722535a4c,Debit,INR,UPI,Pending,81c8c5a6-4d61-49f3-8a68-52a20d46e832,46.77,Rather condition provide family fly.,Mobile
8fc780f5-71aa-421b-9c3b-a4b5437a8862,09-05-2024,20-02-2024,53.22,720.6,6daf2381-65e9-4cf8-a2b1-e8e22c70ca36,Bank_C,b632a42f-f3ed-4dca-8985-a1793a987d46,20e753c8-7c38-4360-9c1e-44118ab1a75d,Credit,INR,UPI,Failed,44b53c52-483b-405c-ab77-da0280e6a87a,14.61,Rather owner though year.,ATM
1ce2fe49-2ce3-4743-8b6c-589d30a6633a,09-09-2024,26-04-2024,706.58,710.64,341a3a43-1436-44f7-bfa5-384f0774fa82,Bank_B,7b022f20-fc7d-44e5-929a-d20e19cfd281,4f7ce9c3-f3e7-49fc-a1e7-5f19f282d6a0,Credit,INR,Debit Card,Failed,f05dbf80-3da2-4052-9a51-502ecf45a6d8,33.29,Order write kind miss guy.,ATM
941dd1e5-4ea7-43a2-981a-3fbb2d67f73e,17-04-2024,21-04-2024,55.94,76.67,7d4310e9-7303-40a5-a6eb-2cbd98c0e047,Bank_C,0402a735-15d8-4039-81c5-0edaa2d1ddc4,69d5641d-ea58-4bae-b06b-e412f8e0c104,Debit,INR,Cash,Pending,4d692852-45fc-47a5-afc6-b1c0cd2785e4,15.04,Easy environmental scientist.,Mobile
85b781c7-b3d6-4b92-97d8-ad0baac33fc0,28-01-2024,21-05-2024,872.21,56.1,a3585e3c-2607-4135-8969-078c34bd6947,Bank_D,c5fb6f2e-1cde-42fa-816d-0f824d385e3a,c05fb5a6-3434-4049-92a0-44d3f96542d3,Debit,INR,Debit Card,Completed,168ba0ae-0ff8-48cd-a1e4-2e6ca34ca992,19.73,Over radio game owner voice.,Mobile
3d59308e-5fc0-429f-89cb-56d031aad7ab,22-04-2024,18-03-2024,544.95,74.23,5d04f1b2-ec2a-43c3-9b5f-216abc802949,Bank_A,d1aa2e8e-aa4a-4e9e-9307-ef4a75ed2fbe,96a87f5e-7e2b-491b-8787-ff3b206168aa,Debit,INR,Cash,Completed,27620f73-099e-4b16-a450-cef7db3e7c74,18.7,Gun yourself seek enjoy.,Website
d1721b3a-8f3e-4b06-89e1-fdbb5fc35bc1,02-03-2024,25-08-2024,704.5,276.92,ac3d3a73-caf3-4cbd-81bd-0a4d132be3ed,Bank_C,7a762fb2-a3c8-47f9-adf0-98da89df5799,5f5dbd3e-e5a2-4fd2-aacc-2285dedf8053,Credit,INR,Debit Card,Completed,7a337abe-ac0c-457c-b6bc-361eb76bfc84,44.01,Beat figure image a. Red eat yourself what.,Website
d0aae455-2911-4f9b-8b5a-6a3bb2d74ee4,20-01-2024,05-05-2024,243.18,59.8,cb02cd6e-acec-489b-887c-c340ec0d31c6,Bank_C,5064b9a6-63d1-412c-b051-ebfc36654aa8,0dd7a58c-24fa-4757-bad5-3c5d8910fa77,Credit,INR,Cash,Completed,2bf4c84a-953f-499a-9e45-c63567efd773,19.12,Plan common shake.,ATM
7d5f8566-8fc0-4480-8b14-e382a6650460,16-04-2024,07-11-2024,214.13,818.52,55f7d178-603a-45a2-ae2d-82f6c2a51cf9,Bank_C,2bb700d5-303b-425f-b5c8-aa46f8178737,3661b821-e47b-4acd-a167-50a6faa11830,Credit,INR,NEFT,Failed,36737e50-8bee-44ed-9baf-47def0a836c3,7.8,Player catch again.,ATM
8deed2c0-778d-4f18-aafa-091722ba9879,06-03-2024,03-11-2024,460.65,328.21,d64f45ba-54db-45de-812b-10347c13d969,Bank_C,423362dc-ae50-4ff5-9147-8ea134be8f6a,8e0dd267-d29c-4588-bd14-5bc11faac5ef,Credit,INR,Debit Card,Pending,b5491fbc-1065-4f87-a818-2e939f27b46f,31.99,Turn rate friend network agent position.,Mobile
10a5823a-f9e6-414b-86eb-fc5454d6e978,16-09-2024,15-08-2024,967.44,48.45,2c7c4df4-1361-4255-b4ca-2755a04812b8,Bank_A,0400b420-cbb9-4c60-854e-afcbd4b62eba,34455c97-56c2-4ee3-a550-5dc80ba6c644,Debit,INR,Debit Card,Completed,99903889-14ad-43fa-9839-0124d33d2b61,39.52,Success degree ask help again note evidence.,Mobile
9b775062-74bd-4e63-b449-2611a7e816c2,15-07-2024,20-06-2024,612.02,456.59,d8b21b15-1e3d-4776-9e06-99606a80c55d,Bank_B,1da1225f-9f6c-4dd7-ae9a-a554124becd4,65abbfb0-0ee3-466f-896e-59911c82010f,Debit,INR,Cash,Completed,b80fa5cc-f4e5-4600-b8b2-d30d6a7ba566,47.53,Certain success somebody night.,Mobile
4cd9c88e-f34c-49c2-b957-756298dc218a,23-10-2024,04-01-2024,226.29,786.35,c86adee4-2690-4beb-bbe1-c48d72482a84,Bank_B,a0192e98-d3cb-4523-b995-9c30178c57c2,5e6fb95c-07ab-4620-8aa2-edb185846538,Debit,INR,UPI,Completed,7ad27dde-c346-4404-b464-6484d1b4f9bf,48.08,Pattern line minute all.,Mobile
8ea312eb-45cf-426c-a2fd-7adcceee618f,03-10-2024,10-10-2024,890.51,57.32,10e3298c-7874-43f9-b2c5-9cb9171e9bdc,Bank_C,69fa7d7d-7354-4372-927e-6dd4430ac29f,cf596da0-0b8f-4c33-9a51-fdf666cd889f,Debit,INR,NEFT,Pending,af8730f3-8d89-46a9-b9a6-b33071e31845,47.31,Expect teacher common suggest.,Mobile
19043961-9713-440e-8017-852acf9fdd07,19-10-2024,20-10-2024,317.75,648.89,95e5a99c-6c45-402e-b03b-8ac796b391f9,Bank_D,bb7f9d9c-f4f9-4a06-8620-e8d52f582b8d,94eee3a3-5ca1-4fb8-8145-895058f7b90e,Debit,INR,UPI,Failed,6da26d1f-df5a-44d3-9232-fc68d7ad6b18,18.63,Really wall laugh star discover leave.,ATM
c95b9bdf-dbc9-4b48-9753-e3c06d5fc934,02-11-2024,09-05-2024,370.67,126.01,bac339ab-ae51-4915-b098-907b26b298bd,Bank_C,7492d2f5-2d2a-4abf-9963-a24c57f366ef,bace9301-6a2b-4e60-810d-2ee339b47fdc,Debit,INR,Debit Card,Completed,16efe9ae-490a-4058-ae63-e0a760dde360,7.99,Unit produce firm marriage.,Website
117c59c8-38e1-4fb7-a312-e7e8a353a0a6,14-01-2024,13-03-2024,329.48,799.4,8217f09c-8427-4092-96fa-6d2eb887918a,Bank_D,f2ead3f6-f43d-447a-b103-8b11a2327f5c,c256353a-fb0c-48d3-9ca5-9dd92b2210dc,Debit,INR,NEFT,Completed,3a55f3ff-5837-4626-bfac-5c049dc04711,27.27,Final my relationship might several.,ATM
c108233e-4013-4083-ba28-6c35cabd64d8,05-09-2024,20-07-2024,583.45,814.82,413cb2e2-0acd-4566-9abf-50dafe65ac7a,Bank_C,f386da97-6ae6-4c55-aa1e-510208f183a4,d01cdcc0-7571-4850-ba02-19683017a81e,Debit,INR,Debit Card,Completed,4b961bbb-184a-4995-878c-241766fecc38,19.27,Maintain share light instead probably decade me.,ATM
57ec3abe-4cc5-432c-a8f4-e1f7c13c1b83,10-07-2024,09-01-2024,568.89,637.44,3fc83a31-0f99-4674-a47e-27657a42926d,Bank_C,92424d2b-aa97-4fb2-b7fb-52b7036db8eb,aa3320c2-7122-47a2-bb96-32506a982f21,Credit,INR,UPI,Pending,ee772e30-cc63-4e96-a20c-df24dd021b40,46.44,Feel perhaps despite admit traditional deep must.,Website
67452973-f8c9-459a-a11f-350361da35e3,10-03-2024,06-04-2024,244.53,645.86,df75bbee-2378-472d-bc42-e02be5343cbd,Bank_A,8bed5475-35dd-475a-80f0-8f715710ed9c,e3c18199-9b91-4e2a-b7a1-34ac5677daea,Debit,INR,UPI,Failed,e08ba96b-9ab6-42b9-88dc-6628afb5c0dd,17.4,Store condition concern spring.,Website
a701f377-cc4d-4d3f-af5c-7f2c175fce99,15-07-2024,21-04-2024,506.48,615.94,93f958b2-3262-4d68-9d8a-69622f9ee01d,Bank_C,31436bd7-a695-4c3c-b91a-d49db1e871e6,0ec49805-072f-4093-a92b-351627976060,Debit,INR,NEFT,Completed,ef320a3b-e550-4b38-be97-61241d8f0afb,10.86,This customer less daughter some site her.,Website
4f23b007-9a65-4940-98fb-712c7c5e1112,07-07-2024,07-08-2024,823.77,612.35,b3e8d3bc-e001-4daf-9e2a-97799a212dac,Bank_C,13172399-8dc0-4aa1-aacd-2dffcb6c1062,fb78735a-ab13-4bd2-9642-b6554949d52a,Credit,INR,Cash,Pending,9f2c0620-37c4-4e27-b4a1-66fb2daef571,46.01,Maintain she best wrong entire during.,Mobile
aaa2d35f-92f2-449a-9c47-692114cd7ee2,14-07-2024,18-01-2024,91.74,639.73,0e1a6cdf-9efa-4b3a-98e5-b585b2bb58cb,Bank_A,695330a3-4efb-49d9-b606-6165e24ee2de,89ac10de-faaf-464e-82dd-c3d336af59b0,Credit,INR,Debit Card,Completed,79bcf2de-8784-4896-a491-93aa6b2e5636,46.77,Player hair lawyer.,Website
e5183d46-0df6-4304-891c-6eff085f109b,18-03-2024,25-11-2024,246.77,248.54,53167a02-4e92-479b-9a8f-14b1fb3802e6,Bank_C,eaeee62e-bbc4-4f20-9e6c-81e2cadff500,4b3b1a5e-ccd4-4534-b0b1-1c14120daee6,Credit,INR,NEFT,Completed,39b1c5e0-6504-4dc4-8152-ac97c43dc677,5.35,Hair child your drop.,Mobile
31d15d63-2718-4f23-a068-31538677e033,07-04-2024,10-01-2024,202.93,172.73,01dca9dc-1ed6-432d-8db3-6f70f9bccb71,Bank_B,da1eecf9-e776-4dc2-a747-56e4637fc91e,724f3b1a-d758-432a-be2d-ff0c65a9d4ee,Debit,INR,NEFT,Pending,9c9d970b-8e8d-412a-a8b7-5c391c4a1b16,15.11,Important share fear subject two six fine.,Mobile
8d40f75c-9493-468f-8f32-d3f9ee4d4910,18-11-2024,26-01-2024,588.68,454,f3700bb1-f3bb-4346-9363-780e86679470,Bank_C,62c984b4-c73e-484b-92c1-ff1e88595b6e,d807cde7-dade-4c65-ae65-703c82ce05ec,Credit,INR,NEFT,Completed,b6c48373-dc74-43dc-8169-25094364d093,16.21,System development blood reason act.,ATM
